Date,Open,High,Low,Close,Volume,Adj Close
2010-01-01,23.99998,23.99998,23.99998,23.99998,0,29.28827
2010-01-04,23.90003,24.31999,23.89002,24.26,1563900,29.6056
2010-01-05,24.11501,24.62498,24.05996,24.30497,1550300,29.66047
2010-01-06,24.20503,24.565,24.18,24.565,1133900,29.9778
2010-01-07,24.45004,24.45004,23.80001,24.11501,2648700,29.42866
2010-01-08,23.99998,24.08498,23.27502,23.30497,3064200,28.44013
2010-01-11,23.31999,23.45497,22.43002,22.43002,4640500,27.37239
2010-01-12,22.65001,22.92998,22.60004,22.80001,3098000,27.82389
2010-01-13,22.80001,23.39999,22.75003,23.18,3732600,28.28762
2010-01-14,23.46998,23.59996,23.09499,23.15998,1851800,28.26319
2010-01-15,23.28996,23.43002,22.69498,22.85999,2738400,27.89709
2010-01-18,22.90003,22.98504,22.62499,22.89503,1132900,27.93985
2010-01-19,22.80501,22.91997,22.62499,22.67496,2392200,27.67129
2010-01-20,22.98997,23.87,22.87501,23.37997,6490400,28.53165
2010-01-21,23.74503,24.06997,23.65001,23.76998,4068900,29.00759
2010-01-22,23.53998,23.82003,23.335,23.37997,3842600,28.53165
2010-01-25,22.70999,23.18501,22.69998,22.76998,3091000,27.78725
2010-01-26,22.99998,23.37004,22.81002,23.22998,2716300,28.34861
2010-01-27,23.08999,23.13503,22.715,23.04502,2130900,28.1229
2010-01-28,23.44003,23.73001,22.83497,22.83497,3445800,27.86656
2010-01-29,22.97002,23.31999,22.68997,22.97002,2648500,28.03137
2010-02-01,22.65001,22.98504,22.335,22.92998,2803200,27.98251
2010-02-02,22.99497,23.34001,22.83997,23.23999,1960500,28.36082
2010-02-03,23.41,23.66002,23.08999,23.46998,2234600,28.6415
2010-02-04,23.53998,23.81502,22.74002,22.87501,3191100,27.91542
2010-02-05,22.67003,22.82503,22.05003,22.66503,4683000,27.65917
2010-02-08,22.62499,22.84998,22.07998,22.51003,2764800,27.47002
2010-02-09,22.56,22.98997,22.51503,22.76998,2071000,27.78725
2010-02-10,22.90496,23.13503,22.61498,22.83997,2081500,27.87266
2010-02-11,23.00999,23.09499,22.50502,22.91004,2139000,27.95817
2010-02-12,23.14497,23.28996,22.75003,22.945,2391600,28.00083
2010-02-15,22.99998,23.14497,22.49501,22.61498,1050300,27.59809
2010-02-16,22.795,23.24999,22.76497,23.24999,1525100,28.37304
2010-02-17,23.50001,23.52997,23.20002,23.30497,1840200,28.44013
2010-02-18,23.21003,23.60997,23.18,23.38998,1349100,28.54387
2010-02-19,23.27002,23.54498,23.12002,23.53998,1565400,28.72691
2010-02-22,23.50001,23.69998,23.28003,23.61998,1425800,28.82455
2010-02-23,23.64,23.73001,23.02,23.1,1866200,28.18999
2010-02-24,22.75003,22.99497,22.54999,22.83997,2863300,27.87266
2010-02-25,22.67996,23.03001,22.21003,22.22998,2256100,27.12826
2010-02-26,22.55499,22.65001,22.26501,22.51003,2119600,27.47002
2010-03-01,22.79,23.29997,22.68497,23.21003,2125000,28.32427
2010-03-02,23.59503,24.175,23.53998,24.13503,3004000,29.45309
2010-03-03,24.26,24.47499,23.945,24.36996,1977900,29.73978
2010-03-04,24.27502,24.38998,24.08498,24.19502,1940400,29.52629
2010-03-05,24.34501,24.74002,24.24999,24.61497,2173000,30.03878
2010-03-08,24.77999,25.175,24.60997,25.11001,2041900,30.6429
2010-03-09,25.16999,25.33,24.77498,25.04502,1838300,30.56359
2010-03-10,24.92998,25.33,24.83504,25.29997,1226600,30.87471
2010-03-11,25.29997,25.50001,24.95,25.07998,1492400,30.60625
2010-03-12,25.24499,25.24499,24.91004,25.03,1681200,30.54526
2010-03-15,25.07497,25.07998,24.33,24.37997,1486600,29.752
2010-03-16,24.45997,24.91497,24.42502,24.76998,1609900,30.22794
2010-03-17,24.875,25.27502,24.875,25.22004,1731500,30.77717
2010-03-18,25.04001,25.16999,24.79,24.945,1619500,30.44152
2010-03-19,25.1,25.13996,24.70499,24.83504,1492100,30.30734
2010-03-22,24.64,25.20002,24.46998,25.20002,1578800,30.75274
2010-03-23,25.35002,26.20002,25.30497,25.97502,3485500,31.69851
2010-03-24,26.20002,26.54498,25.96001,26.35502,2343800,32.16224
2010-03-25,26.15998,26.69998,25.95,26.57,1817700,32.4246
2010-03-26,26.37997,26.72,26.24999,26.43002,1539600,32.41345
2010-03-29,26.50001,26.73501,26.29003,26.44503,930600,32.43187
2010-03-30,26.46998,26.52504,25.93499,25.97502,1320200,31.85545
2010-03-31,26.1,26.47499,26.06003,26.45997,1681000,32.45019
2010-04-01,26.47999,26.8,26.45004,26.53497,1316500,32.54216
2010-04-02,26.53497,26.53497,26.53497,26.53497,0,32.54216
2010-04-05,26.53497,26.53497,26.53497,26.53497,0,32.54216
2010-04-06,26.65001,26.96001,26.61998,26.75003,1123300,32.80591
2010-04-07,26.87,27.06997,26.645,26.74502,1490100,32.79977
2010-04-08,26.80501,26.80501,25.99497,26.29997,1512600,32.25396
2010-04-09,26.65501,26.87,26.54998,26.66002,2097000,32.69552
2010-04-12,26.83504,26.96501,26.37997,26.39498,2147200,32.37049
2010-04-13,26.28002,26.33,26.03,26.15497,1802400,32.07614
2010-04-14,26.65001,26.75003,25.50001,25.715,5753300,31.53656
2010-04-15,25.92498,26.01499,25.54999,25.875,2654300,31.73279
2010-04-16,25.75003,25.88001,25.52997,25.59002,3518500,31.38329
2010-04-19,25.37504,25.88001,25.24999,25.68004,1762300,31.49369
2010-04-20,25.82996,26.51002,25.75003,26.51002,2376700,32.51157
2010-04-21,27.20002,27.24999,26.47999,26.53997,2248800,32.5483
2010-04-22,26.41,26.67003,25.96501,26.26,2540200,32.20495
2010-04-23,26.51503,26.84997,26.26501,26.54998,2283200,32.56058
2010-04-26,26.8,27.09499,26.67503,26.82503,1373100,32.89789
2010-04-27,26.8,26.84997,25.91997,25.91997,2167900,31.78794
2010-04-28,25.62999,25.89502,25.05503,25.08999,3195500,30.77005
2010-04-29,25.1,25.36503,24.72,25.05996,2835500,30.73322
2010-04-30,25.24999,25.47999,24.75997,24.84998,2192000,30.47571
2010-05-03,24.65001,25.03501,24.50001,25.00498,1283600,30.6658
2010-05-04,25.34501,25.43002,24.44496,24.58502,2688900,30.15077
2010-05-05,24.91004,24.97002,23.92998,24.58002,3551200,30.14463
2010-05-06,24.14004,24.70999,24.07497,24.50001,3161800,30.04652
2010-05-07,23.83496,24.24999,22.90003,23.39999,3668500,28.69746
2010-05-10,23.99998,24.62999,23.90003,24.52504,3287400,30.07721
2010-05-11,24.16999,24.45004,23.92998,24.43002,1890600,29.96068
2010-05-12,24.21996,25.27502,24.11501,25.13996,2428000,30.83134
2010-05-13,25.37504,25.45497,24.52997,24.72,2296200,30.31631
2010-05-14,24.59003,24.67003,23.72,23.83496,2367200,29.23091
2010-05-17,23.90003,24.54498,23.52997,24.22497,2354200,29.70921
2010-05-18,24.38998,24.485,23.61998,23.84497,3671800,29.24319
2010-05-19,23.50001,23.68004,23.02,23.08999,2193800,28.31728
2010-05-20,23.28003,23.405,22.21997,22.51003,3241100,27.60602
2010-05-21,22.49501,22.77999,22.025,22.65001,3435300,27.7777
2010-05-24,22.95501,23.12502,22.44496,22.99998,1785600,28.20689
2010-05-25,22.19502,22.33,21.65001,21.96002,2608600,26.93149
2010-05-26,22.46999,23.30998,22.21997,23.04502,2932400,28.26213
2010-05-27,23.01499,23.49,22.90003,23.29997,2090000,28.5748
2010-05-28,23.43503,23.70999,23.02,23.12002,1577600,28.35411
2010-05-31,23.11001,23.65001,22.85999,23.56,719800,28.89369
2010-06-01,23.28503,23.60997,23.01499,23.34001,2176900,28.6239
2010-06-02,23.19502,23.57001,23.01499,23.47999,1116900,28.79558
2010-06-03,23.99998,24.39499,23.91004,24.29997,1720800,29.80118
2010-06-04,24.35502,25.13503,23.83997,23.93499,3491400,29.35358
2010-06-07,22.85999,23.70499,22.75003,23.14497,2903700,28.3847
2010-06-08,23.14997,23.38998,22.65502,22.96001,1789600,28.15788
2010-06-09,23.27502,23.715,23.00498,23.70499,1849100,29.07151
2010-06-10,23.38998,24.35002,23.28996,24.05996,1921500,29.50684
2010-06-11,24.06997,24.57001,24.05003,24.34001,2018600,29.85029
2010-06-14,24.50001,25.13996,24.50001,24.945,1724700,30.59224
2010-06-15,24.63499,25.11001,24.59996,24.92998,1444000,30.57382
2010-06-16,25.22997,25.24999,24.45997,24.85999,1555900,30.48799
2010-06-17,24.90003,25.24999,24.45997,24.68997,1801100,30.27948
2010-06-18,24.83997,25.175,24.73001,25.04502,1716800,30.71491
2010-06-21,25.26,25.485,25.1,25.21003,870400,30.91727
2010-06-22,25.03,25.22004,24.80001,24.97002,1125700,30.62293
2010-06-23,24.43002,25.1,24.36503,24.45997,2108400,29.99741
2010-06-24,24.54999,24.65001,23.84998,23.875,1683100,29.28001
2010-06-25,23.99497,24.11501,23.68497,23.76998,1195800,29.15121
2010-06-28,23.80501,24.04502,23.58002,23.86499,2026700,29.26774
2010-06-29,23.68497,23.68497,22.635,22.82003,2516000,27.9862
2010-06-30,22.97002,23.21997,22.72501,22.86499,1722300,28.04135
2010-07-01,22.41,22.69998,21.865,22.12002,2675500,27.12772
2010-07-02,22.21003,22.72,22.14497,22.255,1666000,27.29326
2010-07-05,22.42001,22.93499,22.31999,22.67003,1664800,27.80225
2010-07-06,22.91997,23.38998,22.81502,23.04502,1885000,28.26213
2010-07-07,22.715,23.18501,22.51996,23.03001,1752400,28.24372
2010-07-08,23.36503,23.64,23.21496,23.405,2231800,28.7036
2010-07-09,23.59003,23.80501,23.38498,23.73001,1573100,29.1022
2010-07-12,23.76998,23.99998,23.46998,23.75003,1568400,29.12675
2010-07-13,23.93499,24.52003,23.81502,24.39999,1891900,29.92385
2010-07-14,25.85999,25.90003,24.97002,25.14497,6288900,30.83748
2010-07-15,24.90003,24.99997,24.18,24.28002,3662200,29.77672
2010-07-16,24.50001,24.65001,23.80501,23.93999,2827000,29.35971
2010-07-19,23.945,24.07998,23.72,23.85999,1575600,29.2616
2010-07-20,24.13003,24.24999,23.52997,23.76998,1733100,29.15121
2010-07-21,23.95,24.24999,23.88001,23.98997,1942900,29.421
2010-07-22,23.98997,24.66503,23.90003,24.52504,2070700,30.07721
2010-07-23,24.565,24.65001,24.335,24.58002,1248100,30.14463
2010-07-26,24.84497,24.84497,24.36003,24.565,934300,30.12622
2010-07-27,24.81001,24.93999,24.46998,24.54999,1159700,30.1078
2010-07-28,24.60997,24.78499,24.36503,24.60496,1471100,30.17523
2010-07-29,24.80001,25.07998,24.52003,24.53998,2112200,30.09553
2010-07-30,24.21003,24.74503,24.20002,24.46998,1490400,30.00969
2010-08-02,24.80001,25.07998,24.75496,25.01499,1368800,30.67808
2010-08-03,25.05003,25.15998,24.77498,24.96502,946500,30.61679
2010-08-04,24.86499,25.21496,24.76998,24.92497,1145500,30.56768
2010-08-05,24.91497,25.175,24.60997,24.67496,736200,30.26107
2010-08-06,24.73001,24.90503,24.05503,24.06504,1629200,29.51307
2010-08-09,24.14004,24.30497,23.92998,24.24999,1304100,29.7399
2010-08-10,24.21996,24.30998,23.60997,23.67496,1627200,29.03468
2010-08-11,23.16999,23.24999,22.27002,22.36003,3956300,27.42207
2010-08-12,22.16999,22.35502,21.72001,22.11502,3702000,27.12159
2010-08-13,22.43503,22.50002,21.66002,21.97503,2613300,26.94991
2010-08-16,21.93999,22.06497,21.72001,22.00498,1847800,26.98664
2010-08-17,22.07998,22.47999,22.04002,22.38998,1761300,27.4588
2010-08-18,22.25,22.56,22.05503,22.28996,1028600,27.33613
2010-08-19,22.60004,22.87,22.37997,22.56,3146400,27.66731
2010-08-20,22.70999,22.74002,21.90496,22.11001,2610800,27.11545
2010-08-23,22.25,22.28003,21.73002,21.81002,1953200,26.74754
2010-08-24,21.66002,21.69999,20.65001,20.94,4449500,25.68055
2010-08-25,20.83497,21.12002,20.57001,20.89002,1977000,25.61927
2010-08-26,21.19002,21.29997,20.89002,21.025,1952900,25.78481
2010-08-27,20.79,20.84498,19.77999,20.20503,6020700,24.7792
2010-08-30,20.405,20.46498,20.13003,20.29004,1273800,24.88346
2010-08-31,19.58002,19.87,19.35002,19.67504,3171600,24.12923
2010-09-01,19.67003,20.44997,19.34001,20.39999,3316800,25.0183
2010-09-02,20.36003,20.70499,20.21997,20.60997,1837300,25.27582
2010-09-03,20.80001,21.07498,20.53498,20.80001,2626100,25.50888
2010-09-06,20.99998,21.14998,20.82003,20.99998,1322600,25.75412
2010-09-07,20.98504,20.98997,20.27002,20.59496,3459800,25.25741
2010-09-08,20.14998,20.49001,19.98997,20.45497,3095000,25.08573
2010-09-09,20.54999,21.16499,20.42002,21.04002,2307700,25.80322
2010-09-10,20.82503,21.13003,20.81502,20.85499,1918200,25.5763
2010-09-13,21.05003,21.48,20.90003,21.405,1956800,26.25083
2010-09-14,21.56,21.76497,21.31499,21.66002,2508700,26.56359
2010-09-15,21.74503,21.75997,21.41,21.52496,1840900,26.39795
2010-09-16,21.49001,21.58502,21.33501,21.48,1033000,26.3428
2010-09-17,21.74996,21.87501,21.66002,21.80001,3876000,26.73526
2010-09-20,21.99998,22.13496,21.90003,22.10501,2154400,27.10931
2010-09-21,22.1,22.67003,22.07498,22.15498,2794300,27.17059
2010-09-22,22.20002,22.21003,21.34001,21.38498,2461500,26.22628
2010-09-23,21.60004,21.61998,21.06004,21.38998,1798400,26.23241
2010-09-24,21.26001,21.82003,21.01499,21.72001,1814900,26.63715
2010-09-27,21.83497,22.11502,21.55499,21.60004,1287900,26.49002
2010-09-28,21.62999,22.00999,21.42001,21.92998,1632300,26.89466
2010-09-29,22.18,22.41501,22.14997,22.30497,2429700,27.35455
2010-09-30,22.24499,22.46999,21.85999,21.90996,1978000,26.87011
2010-10-01,21.96502,22.03001,21.58002,21.68998,1801600,26.60032
2010-10-04,21.74996,22.42001,21.44504,21.85499,2737400,26.80269
2010-10-05,21.80001,21.97503,21.52997,21.83004,2459100,26.77209
2010-10-06,22.025,22.1,21.28003,21.43503,2255900,26.28766
2010-10-07,21.05003,21.30998,20.79,21.25,3112700,26.06074
2010-10-08,20.945,21.46498,20.79,21.06497,3274400,25.83382
2010-10-11,21.15998,21.61998,21.13996,21.55499,1641400,26.43478
2010-10-12,21.19002,22.22497,21.13496,22.08499,2670600,27.08476
2010-10-13,22.50002,23.565,22.25,23.18,4878000,28.42767
2010-10-14,23.14997,23.34501,22.85499,23.00498,3170700,28.21303
2010-10-15,23.26501,23.37997,23.1,23.36503,1929600,28.65459
2010-10-18,23.36503,23.72,23.12002,23.565,1601900,28.89983
2010-10-19,23.29997,23.81002,23.29997,23.44996,2625100,28.75875
2010-10-20,23.30497,23.52504,23.21003,23.50001,1465900,28.82013
2010-10-21,23.255,23.37997,22.945,23.02,3128100,28.23144
2010-10-22,22.86499,23.175,22.85999,23.13503,1508000,28.37252
2010-10-25,23.26501,23.80001,23.26501,23.64,1130300,28.99181
2010-10-26,23.50001,23.70999,23.26001,23.61998,1698000,28.96726
2010-10-27,23.75003,24.24999,23.65001,24.08498,2343800,29.53753
2010-10-28,24.38498,24.85999,23.77498,23.89502,3277400,29.30457
2010-10-29,23.65001,23.90003,23.41501,23.70999,1416400,29.07765
2010-11-01,24.00999,24.18501,23.83997,24.04002,1018700,29.48238
2010-11-02,23.82003,24.18,23.58502,24.13003,1305300,29.59277
2010-11-03,24.23998,24.35502,23.80001,23.85498,1380900,29.25546
2010-11-04,24.33,24.36003,23.80001,24.24499,1954700,29.73376
2010-11-05,24.45997,24.57001,24.18,24.26501,1435300,29.75831
2010-11-08,24.35002,24.35002,23.89002,24.05996,1478400,29.50684
2010-11-09,23.92498,24.67996,23.91997,24.60997,1640300,30.18137
2010-11-10,24.54999,24.54999,23.91497,23.92498,1625500,29.3413
2010-11-11,23.95,24.03501,23.03501,23.50001,2733600,28.82013
2010-11-12,23.07497,23.77999,23.07497,23.61998,1406200,28.96726
2010-11-15,23.60997,23.84998,23.37997,23.73001,989700,29.1022
2010-11-16,23.63499,23.96502,23.50001,23.60497,1739500,28.94884
2010-11-17,23.54498,23.75504,23.43503,23.64,1094600,28.99181
2010-11-18,23.90003,24.29504,23.75003,24.12002,1868500,29.5805
2010-11-19,24.36003,24.79,24.29997,24.79,2142200,30.40215
2010-11-22,25.27001,25.49501,25.04001,25.27502,2185700,30.99697
2010-11-23,25.35002,25.51002,24.99004,25.23498,2227900,30.94787
2010-11-24,25.12502,25.62999,24.56,25.56,1898300,31.34647
2010-11-25,25.58001,26.415,25.54999,26.415,1762800,32.39504
2010-11-26,26.28002,26.50001,25.69998,26.08498,1994500,31.9903
2010-11-29,26.15497,26.36503,25.14997,25.14997,1673100,30.84362
2010-11-30,25.05503,25.21496,24.58002,24.91997,2708800,30.56155
2010-12-01,25.32499,26.21003,25.22497,26.14997,2647900,32.07
2010-12-02,25.99997,26.29496,25.75003,26.28002,2045800,32.2295
2010-12-03,26.28002,26.53497,26.1,26.485,1365600,32.48088
2010-12-06,26.54498,27.07998,26.34501,26.34501,1669600,32.3092
2010-12-07,26.34001,26.52003,26.16498,26.18,1406600,32.10683
2010-12-08,26.12502,26.34501,26.08999,26.29997,1093700,32.25396
2010-12-09,27.875,28.8,27.64,28.39999,6607300,34.82939
2010-12-10,28.30004,28.62498,27.77998,28.38997,2458800,34.81712
2010-12-13,28.21003,28.43002,27.85498,27.85498,1454300,34.16101
2010-12-14,27.90996,28.13996,27.57,27.63499,1285000,33.89121
2010-12-15,27.69497,27.93999,27.49501,27.75496,1049400,34.03834
2010-12-16,27.645,28.06003,27.55499,28.05503,942400,34.40634
2010-12-17,28.20002,28.795,27.93498,28.795,2105900,35.31383
2010-12-20,28.99997,29.07997,28.63499,28.93999,1467000,35.49165
2010-12-21,29.12001,29.14997,28.83504,28.89001,726100,35.43036
2010-12-22,29.01999,29.34501,28.90003,29.15497,789900,35.7553
2010-12-23,29.07997,29.14997,28.76497,28.89502,637300,35.4365
2010-12-24,28.90003,28.98996,28.81502,28.85998,47000,35.39353
2010-12-27,28.8,29.06003,28.77998,29.05502,375000,35.63273
2010-12-28,29.14504,29.51502,29.06003,29.26,400500,35.88411
2010-12-29,29.20002,29.24999,28.78499,28.85998,687300,35.39353
2010-12-30,28.93999,29.16999,28.85498,29.00498,456300,35.57135
2010-12-31,29.05002,29.24999,28.84004,28.90003,179100,35.44264
2011-01-03,28.84004,29.30497,28.8,29.22997,1167200,35.84728
2011-01-04,28.95,29.03,28.27501,28.30004,1823300,34.70682
2011-01-05,27.99997,28.06504,27.43002,27.75003,2738000,34.0323
2011-01-06,27.8,28.04001,27.50501,27.65501,2083600,33.91577
2011-01-07,27.88001,28.14997,27.62498,27.92998,1197100,34.25299
2011-01-10,27.80501,27.84998,27.21503,27.34501,1445500,33.53559
2011-01-11,27.75003,28.47999,27.68997,28.45997,1961200,34.90296
2011-01-12,28.40499,28.81502,28.13996,28.71499,1428300,35.21572
2011-01-13,28.51002,28.62999,27.90503,28.14496,1823700,34.51664
2011-01-14,28.69497,30.105,28.43502,29.95,6362900,36.73031
2011-01-17,30.31998,30.50001,29.77498,29.88501,2571600,36.65061
2011-01-18,29.90002,30.25499,29.88,29.95,2113600,36.73031
2011-01-19,29.99997,30.44003,27.84998,27.90002,6670200,34.21625
2011-01-20,27.65001,27.96001,26.87,27.96001,7902800,34.28981
2011-01-21,28.78999,28.97502,28.415,28.89502,4051800,35.4365
2011-01-24,28.58502,28.65001,27.89502,28.51002,2727600,34.96434
2011-01-25,29.15997,29.93999,29.00998,29.70999,4676900,36.43597
2011-01-26,29.99504,30.43001,29.84997,30.30004,2673000,37.1596
2011-01-27,30.20001,31.14504,30.05002,31.07997,3516700,38.1161
2011-01-28,31.01999,31.39498,30.62498,30.78999,2164800,37.76047
2011-01-31,30.90002,30.95,30.12502,30.50001,3342700,37.40484
2011-02-01,30.84997,31.93998,30.565,31.70999,2676200,38.88874
2011-02-02,31.69998,31.94499,31.31998,31.71499,1684700,38.89488
2011-02-03,31.44002,31.805,31.11,31.34,1616800,38.43499
2011-02-04,31.45003,31.92004,31.35001,31.805,1635100,39.00527
2011-02-07,31.8,32.66001,31.75002,32.65,1957400,40.04156
2011-02-08,32.30004,32.42501,31.68003,31.70999,2427700,38.88874
2011-02-09,31.84004,31.94999,31.40499,31.56499,1727700,38.71092
2011-02-10,31.28502,31.59503,30.59002,31.34501,1929600,38.44113
2011-02-11,31.06003,32.02499,30.99504,31.84997,1906300,39.06042
2011-02-14,32.27001,32.69497,32.00497,32.59002,1834000,39.968
2011-02-15,32.55999,32.68504,31.96,32.14496,1299600,39.42218
2011-02-16,32.35501,32.92497,32.32999,32.805,1517400,40.23165
2011-02-17,32.84997,32.85498,32.39998,32.70998,1079800,40.11512
2011-02-18,32.89501,32.92004,32.44002,32.71499,1252800,40.12126
2011-02-21,32.92997,32.94999,32.05502,32.14496,1289200,39.42218
2011-02-22,31.88501,32.50001,31.29996,32.15497,2014800,39.43446
2011-02-23,31.84997,31.90002,31.14504,31.335,2390600,38.42886
2011-02-24,31.92997,31.93498,30.66502,31.09999,2428300,38.14065
2011-02-25,31.44002,31.70498,31.20001,31.46497,1333300,38.58826
2011-02-28,31.49,32.00998,31.32499,31.45504,1651100,38.57607
2011-03-01,31.90002,32.29503,31.46497,31.65501,1854900,38.82132
2011-03-02,31.44002,32.01999,31.06003,31.88,1752300,39.09724
2011-03-03,32.09999,32.83996,32.06503,32.71999,2122700,40.1274
2011-03-04,32.70498,32.90502,32.24498,32.63999,1836300,40.02929
2011-03-07,32.40999,32.45003,31.75002,31.75002,1767000,38.93784
2011-03-08,31.60003,31.86499,31.105,31.54998,2288700,38.69251
2011-03-09,31.53004,31.79499,31.07497,31.15004,1861400,38.20203
2011-03-10,30.51002,30.51002,29.46497,29.63999,4992900,36.35013
2011-03-11,29.29496,29.38998,28.90996,29.38998,2421700,36.04351
2011-03-14,29.50001,29.97002,29.23998,29.73001,2578300,36.46052
2011-03-15,28.86999,29.26,28.21503,29.04001,3972000,35.61431
2011-03-16,29.36002,29.55499,28.50001,28.57,2700300,35.0379
2011-03-17,28.66502,29.35001,28.50001,29.35001,2618800,35.9945
2011-03-18,29.52003,29.75996,28.76497,28.76997,3265500,35.28314
2011-03-21,29.30497,29.97502,29.12502,29.54497,2015400,36.2336
2011-03-22,29.74002,30.15497,29.15997,29.44996,1839300,36.11707
2011-03-23,29.20502,30.22504,29.20502,30.21503,1845400,37.05534
2011-03-24,30.20001,30.68003,30.00998,30.44996,1844000,37.34345
2011-03-25,30.61997,30.84997,30.03,30.74502,1512000,37.70532
2011-03-28,30.65,30.95,30.52996,30.805,1029100,37.77888
2011-03-29,30.89502,30.90002,30.06496,30.75503,1988500,37.7176
2011-03-30,30.99997,31.78999,30.90002,31.45003,2173800,38.56994
2011-03-31,31.32999,31.55498,31.06003,31.09999,1482800,38.14065
2011-04-01,31.37003,31.42501,30.98503,31.42501,1358000,38.53925
2011-04-04,31.27001,31.55498,30.98002,31.15497,1144900,38.20807
2011-04-05,31.39998,31.53504,31.14003,31.31998,1246400,38.41044
2011-04-06,31.44002,31.45003,30.51502,30.59502,2217900,37.52136
2011-04-07,30.61997,30.83996,29.77998,29.84997,2178700,36.60764
2011-04-08,30.09999,30.29003,29.30997,29.42001,2150700,36.08034
2011-04-11,29.50001,29.91504,29.42501,29.84497,1724500,36.60151
2011-04-12,29.50001,29.66502,29.20502,29.415,2709500,36.0742
2011-04-13,28.96001,29.32999,28.09999,28.29003,5849700,34.69455
2011-04-14,27.50001,27.83997,27.19501,27.46998,5345100,33.68885
2011-04-15,27.415,28.12502,27.415,27.8,3413200,34.09358
2011-04-18,27.75003,28.09499,26.99997,27.16999,2908800,33.32094
2011-04-19,27.09499,27.36503,26.73001,26.75003,2571800,32.80591
2011-04-20,27.8,28.89502,27.69998,28.16999,4978100,34.54733
2011-04-21,28.90996,28.99497,27.75003,27.99497,3015700,34.33269
2011-04-26,27.60504,28.34501,27.415,28.32999,2070700,35.07153
2011-04-27,28.24499,28.52996,27.76497,28.24999,2099200,34.9725
2011-04-28,28.58001,28.8,28.32499,28.32499,2481100,35.06534
2011-04-29,28.105,28.28002,27.84998,27.955,2040500,34.60731
2011-05-02,28.36503,28.63499,27.91997,27.95,1451400,34.60111
2011-05-03,27.75003,28.19001,27.65001,27.92497,2387100,34.57014
2011-05-04,28.00998,28.66502,27.955,28.06504,3155400,34.74353
2011-05-05,27.97002,28.53997,27.955,28.26501,2337800,34.99109
2011-05-06,28.29496,28.45504,27.76997,28.31998,3123800,35.05915
2011-05-09,28.32999,28.74502,28.30004,28.64,1886400,35.45531
2011-05-10,28.63499,29.14997,28.55999,28.97002,1766800,35.86387
2011-05-11,28.90003,29.16999,27.89502,27.98003,5278200,34.63829
2011-05-12,27.88001,28.41,27.72,28.41,2034500,35.17058
2011-05-13,28.50001,28.57501,27.96001,28.04502,1790800,34.71874
2011-05-16,27.99997,28.55999,27.93498,28.50001,2440400,35.28201
2011-05-17,28.03,28.07497,27.75003,27.80501,2695300,34.42162
2011-05-18,27.99997,28.255,27.92497,28.15998,1575200,34.86106
2011-05-19,28.24499,28.335,27.8,27.99997,1840000,34.66298
2011-05-20,28.09999,28.21996,27.75496,27.95,1734000,34.60111
2011-05-23,27.50001,27.60003,27.22997,27.26,1969500,33.74692
2011-05-24,26.90003,27.32499,26.74002,26.80501,3251500,33.18366
2011-05-25,26.54998,27.1,26.39498,26.95,2360000,33.36315
2011-05-26,27.04502,27.1,26.52504,26.70999,2302200,33.06603
2011-05-27,26.90003,26.95,26.67003,26.67503,2069200,33.02275
2011-05-30,26.75003,26.875,26.67003,26.875,637900,33.27031
2011-05-31,27.03,27.35001,26.86499,27.00498,2067600,33.43121
2011-06-01,27.01499,27.06997,26.67996,27.00998,1787100,33.43741
2011-06-02,26.66502,26.76997,26.37504,26.51002,1147500,32.81848
2011-06-03,26.58001,26.795,26.27502,26.34001,1695000,32.608
2011-06-06,25.99997,26.23998,25.8,26.20503,1994300,32.4409
2011-06-07,26.18,26.64,26.13003,26.29997,1592600,32.55843
2011-06-08,26.38497,26.39498,25.93999,26.01999,1440100,32.21184
2011-06-09,25.90003,26.22497,25.78499,26.22497,1305100,32.46559
2011-06-10,26.05503,26.14504,25.40499,25.59503,1613900,31.68575
2011-06-13,25.57001,25.87,25.42001,25.46498,889100,31.52475
2011-06-14,25.69998,26.28503,25.58502,26.15998,1759500,32.38513
2011-06-15,26.04001,26.1,25.27001,25.59996,1810800,31.69185
2011-06-16,25.37997,25.45997,25.025,25.28002,1708600,31.29578
2011-06-17,25.025,25.335,24.67996,24.91004,2684300,30.83775
2011-06-20,24.52997,24.59503,24.16999,24.43002,1945200,30.24351
2011-06-21,24.45004,24.81001,24.35002,24.715,1594300,30.5963
2011-06-22,24.75003,24.75003,24.35502,24.68997,1485000,30.56532
2011-06-23,24.52003,24.62498,24.1,24.50001,2453000,30.33015
2011-06-24,24.89002,24.92998,24.45997,24.68997,2220000,30.56532
2011-06-27,24.84998,25.54999,24.75496,25.22997,2245500,31.23382
2011-06-29,25.21003,25.59996,25.13003,25.45997,2609100,31.51855
2011-06-30,25.44496,25.57501,25.24999,25.39999,2701200,31.44429
2011-07-01,25.47499,26.03,25.37004,25.98003,1631000,32.16236
2011-07-04,25.98496,26.39999,25.97502,26.34001,1056800,32.608
2011-07-05,26.20002,26.44003,26.00498,26.20002,1806100,32.4347
2011-07-06,26.15497,26.27502,25.69497,25.75504,1844100,31.88383
2011-07-07,26.21996,26.875,26.105,26.68497,2653600,33.03505
2011-07-08,26.95,26.98003,26.21996,26.21996,2276400,32.45939
2011-07-11,25.88001,26.67003,25.87,26.49501,2168400,32.79989
2011-07-12,25.8,26.01999,25.36503,25.69998,3717100,31.81567
2011-07-13,23.54999,25.105,23.54999,24.99497,9834600,30.94289
2011-07-14,24.54999,24.98003,24.29997,24.36503,3087100,30.16305
2011-07-15,23.99998,24.52997,23.90503,24.20002,3407000,29.95878
2011-07-18,24.07497,24.37497,23.97503,24.14997,2346000,29.89682
2011-07-19,24.28503,24.93999,24.26,24.91497,1854800,30.84385
2011-07-20,25.19001,25.36003,25.025,25.025,1805200,30.98007
2011-07-21,25.13003,25.83997,24.795,25.73001,2200000,31.85285
2011-07-22,25.89002,26.11001,25.69497,25.85498,1279100,32.00756
2011-07-25,25.97002,26.20002,25.76497,26.1,1445400,32.31088
2011-07-26,26.03,26.30497,25.85999,26.22997,1931200,32.47178
2011-07-27,26.03501,26.24999,25.37504,25.93999,1896200,32.1128
2011-07-28,25.75003,26.13503,24.88501,25.30997,2885400,31.33286
2011-07-29,24.74503,25.60504,24.73001,24.98504,2823600,30.9306
2011-08-01,25.29003,25.45497,24.50001,24.77999,1703100,30.67675
2011-08-02,24.60496,25.1,24.46998,24.65001,2350900,30.51585
2011-08-03,24.14497,24.76998,23.88001,24.29997,3031600,30.08251
2011-08-04,24.52504,24.58002,23.1,23.28996,3112000,28.83215
2011-08-05,23.06997,24.47499,23.05003,23.37004,3723700,28.93129
2011-08-08,22.90496,23.55499,21.73002,22.27502,4214100,27.57569
2011-08-09,22.25,23.38498,21.21997,23.24499,3844900,28.77648
2011-08-10,23.50001,23.66002,22.36003,22.60004,2831400,27.97805
2011-08-11,23.33,24.23998,22.91004,24.08999,3744600,29.82256
2011-08-12,24.29003,25.20502,23.74503,25.1,2610300,31.07292
2011-08-15,25.20002,25.20002,24.15498,24.52003,1940500,30.35494
2011-08-16,24.43503,24.81502,23.95,24.715,1631500,30.5963
2011-08-17,24.28503,24.52997,23.80001,24.255,1966400,30.02684
2011-08-18,23.88001,24.01499,22.59503,22.95,2609600,28.4113
2011-08-19,22.95,23.61998,22.175,23.18,3136400,28.69603
2011-08-22,22.89503,23.51002,22.76998,23.04002,1695800,28.52273
2011-08-23,23.42001,23.74503,23.18,23.65001,1798000,29.27788
2011-08-24,23.92998,24.30998,23.65001,23.89002,1968400,29.575
2011-08-25,23.80501,23.81502,23.03001,23.34001,2621800,28.89411
2011-08-26,23.18,23.63499,22.75003,23.57001,2037700,29.17884
2011-08-29,23.99497,24.49501,23.81002,24.40499,870600,30.21253
2011-08-30,24.55499,24.67003,23.96502,24.34501,1901200,30.13827
2011-08-31,23.91997,24.76998,23.90503,24.65501,2237100,30.52204
2011-09-01,24.96001,24.96001,24.29997,24.45004,2105900,30.26829
2011-09-02,24.20503,24.30497,23.65502,23.99497,1971200,29.70493
2011-09-05,23.50001,23.72501,23.11501,23.28003,1585500,28.81985
2011-09-06,23.19502,23.54498,22.69998,23.54498,2213900,29.14786
2011-09-07,24.00498,24.50001,24.00498,24.50001,1876500,30.33015
2011-09-08,24.59003,25.09499,24.46498,24.88001,2194800,30.80058
2011-09-09,24.59003,25.09499,24.46498,24.77498,2194800,30.67056
2011-09-12,24.36503,25.41,24.35002,25.36003,2953700,31.39482
2011-09-13,25.68004,25.90996,24.96001,25.74503,2396400,31.87144
2011-09-14,25.40499,26.53497,25.16999,26.415,3059000,32.70084
2011-09-15,26.47499,26.76004,26.1,26.19001,3267000,32.42231
2011-09-16,26.19501,26.57501,25.96501,26.57501,3662900,32.89893
2011-09-19,25.99997,26.68997,25.95501,26.58001,2314300,32.90512
2011-09-20,25.88001,26.38998,25.82503,26.21996,2694900,32.45939
2011-09-21,26.26,26.72,26.12002,26.64,1891000,32.97938
2011-09-22,26.12002,26.60496,25.72,25.84998,2388000,32.00136
2011-09-23,25.99997,26.08498,25.13003,25.99997,2643400,32.18705
2011-09-26,25.60504,26.62498,25.50502,26.36503,2161300,32.63898
2011-09-27,26.8,27.39498,26.715,27.39498,1961500,33.91403
2011-09-28,27.20002,27.38998,26.72,26.94499,2397300,33.35696
2011-09-29,26.68997,26.87,26.37504,26.49501,1414400,32.79989
2011-09-30,26.24499,26.53004,25.68004,26.07997,2111900,32.28609
2011-10-03,25.29997,25.99997,24.44496,25.96001,1877400,32.13758
2011-10-04,25.68004,25.76997,25.00498,25.56,2066200,31.64238
2011-10-05,26.09499,26.24999,25.61497,26.01999,1768700,32.21184
2011-10-06,26.1,26.32499,25.70999,26.32499,2299100,32.58941
2011-10-07,26.33,27.04502,26.255,26.83003,2296900,33.21464
2011-10-10,27.37496,27.43002,26.87,27.35502,1662600,33.86455
2011-10-11,26.99997,27.22004,26.19001,26.53004,2694500,32.84326
2011-10-12,27.30004,28.90003,26.64,28.19501,5913000,34.90444
2011-10-13,28.07497,28.59503,27.88001,28.51002,1754000,35.2944
2011-10-14,28.89001,29.38998,28.50501,28.76497,2900500,35.61002
2011-10-17,29.14997,29.14997,28.28502,28.67503,1891300,35.49868
2011-10-18,28.86999,29.23497,28.415,29.20002,1974700,36.14859
2011-10-19,29.25499,29.265,28.55999,28.86499,1785900,35.73384
2011-10-20,28.645,29.38998,28.24499,28.83504,1687100,35.69676
2011-10-21,28.75003,29.26,28.335,29.12001,1487500,36.04955
2011-10-24,29.18,29.45504,28.76997,29.45504,1274600,36.4643
2011-10-25,29.43502,29.82002,29.37496,29.8,1806200,36.89135
2011-10-26,29.59503,29.90002,29.15497,29.26,1325000,36.22285
2011-10-27,29.99997,30.22997,29.37496,30.22997,1975600,37.42364
2011-10-28,30.42501,30.63999,29.84004,30.32999,1667200,37.54746
2011-10-31,30.38004,30.39998,30.00998,30.27001,1881900,37.47321
2011-11-01,29.75003,30.105,29.26,29.58502,2362700,36.62521
2011-11-02,29.67003,29.725,28.90003,29.47498,1612600,36.489
2011-11-03,29.09999,30.21002,29.05002,30.18,1878900,37.36177
2011-11-04,30.50001,30.84497,30.20502,30.78999,1732500,38.11692
2011-11-07,30.50001,30.63499,30.07497,30.14496,1581000,37.3184
2011-11-08,30.23497,31.35001,30.09999,30.90002,2498900,38.25314
2011-11-09,30.82002,30.91003,29.76497,29.99997,2701900,37.13891
2011-11-10,29.73001,30.05002,29.46497,29.70999,2297400,36.77992
2011-11-11,29.76497,29.97002,29.30497,29.90002,2134100,37.01518
2011-11-14,30.21996,30.23497,29.66502,29.8,1253600,36.89135
2011-11-15,29.39999,29.82002,29.03501,29.51002,1388800,36.53237
2011-11-16,29.61497,29.8,29.26,29.60003,1723900,36.6438
2011-11-17,29.44996,29.44996,28.65001,28.65001,2129000,35.4677
2011-11-18,28.57,28.99997,28.07004,28.39999,1652900,35.15818
2011-11-21,28.21996,28.21996,27.59503,27.74503,1446500,34.34737
2011-11-22,28.09499,28.30004,27.52003,27.53497,1541000,34.08732
2011-11-23,27.15998,27.95,27.15998,27.36003,1406800,33.87075
2011-11-24,27.65001,27.78999,27.30997,27.44996,873500,33.98209
2011-11-25,27.38998,27.76497,27.105,27.60003,754000,34.16787
2011-11-28,27.81001,28.22997,27.75003,28.09499,953800,34.78061
2011-11-29,28.19501,28.27001,27.84497,28.05503,1028200,34.73114
2011-11-30,27.87,29.14003,27.75003,28.98503,2602600,35.88245
2011-12-01,29.11,29.265,28.75503,29.06003,1888500,35.9753
2011-12-02,29.46497,29.98003,29.37003,29.93999,1451000,37.06465
2011-12-05,30.50001,30.91003,30.15497,30.77497,1686500,38.09834
2011-12-06,30.65501,31.02499,30.39498,30.86499,1781500,38.20977
2011-12-07,31.29503,31.38997,30.8,31.17999,1893800,38.59974
2011-12-08,31.24999,31.39498,30.90002,31.17499,1636200,38.59354
2011-12-09,30.69997,31.02499,30.37504,30.98996,1877000,38.36448
2011-12-12,30.98503,30.98996,30.25499,30.30997,1988400,37.52268
2011-12-13,30.38004,30.58001,30.07497,30.30004,1431800,37.51038
2011-12-14,30.14003,30.28002,29.84997,29.94499,1262000,37.07085
2011-12-15,30.15497,30.92497,29.955,30.31998,1582200,37.53507
2011-12-16,30.32499,30.51002,29.99997,30.31998,1499500,37.53507
2011-12-19,30.035,30.52996,30.035,30.26,953600,37.46081
2011-12-20,30.22504,31.34,30.12001,31.30997,899500,38.76064
2011-12-21,31.39998,31.58001,30.75003,30.98996,1385100,38.36448
2011-12-22,31.29003,31.51002,31.08497,31.51002,549500,39.00829
2011-12-23,31.61997,31.78498,31.415,31.77497,370600,39.3363
2011-12-26,31.77497,31.77497,31.77497,31.77497,0,39.3363
2011-12-27,31.69497,32.06003,31.53004,31.86999,356100,39.45393
2011-12-28,31.90002,32.24999,31.72,32.20502,667200,39.86868
2011-12-29,32.17999,32.50001,32.00497,32.50001,574500,40.23387
2011-12-30,32.51001,32.60003,32.27001,32.47498,356900,40.20288
2012-01-02,32.45997,32.57,32.21002,32.48499,632400,40.21528
2012-01-03,32.51001,32.98002,32.51001,32.65501,944600,40.42575
2012-01-04,32.35001,32.54497,31.98503,31.99997,1771900,39.61483
2012-01-05,32.24498,32.25499,31.73001,31.81001,1958400,39.37967
2012-01-06,32.30504,32.36503,31.89502,32.11,1786400,39.75105
2012-01-09,32.23997,32.56499,32.02499,32.39998,1300200,40.11004
2012-01-10,32.50001,32.62998,32.20502,32.47999,1516400,40.20908
2012-01-11,32.58501,32.86499,32.47498,32.76496,969600,40.56187
2012-01-12,32.90002,32.99997,32.30997,32.42501,1564500,40.14102
2012-01-13,32.55498,32.75003,32.20001,32.52002,1130500,40.25865
2012-01-16,32.50501,33.61997,32.45003,33.35001,1448900,41.28614
2012-01-17,33.60003,33.86999,33.45003,33.67002,1590600,41.6823
2012-01-18,34.37503,34.68003,32.50001,32.50001,4823900,40.23387
2012-01-19,32.94499,33.06503,32.59502,32.63999,1887500,40.40716
2012-01-20,32.91003,33.035,32.46998,32.92997,1907500,40.76615
2012-01-23,33.30997,33.74001,33.08497,33.62998,1229900,41.63273
2012-01-24,33.48999,33.74502,33.26,33.54497,1136900,41.5275
2012-01-25,33.69997,33.725,32.91003,32.955,959700,40.79713
2012-01-26,32.91496,33.35501,32.71499,33.22003,1018000,41.12523
2012-01-27,32.84997,33.20001,32.65,32.76496,1270900,40.56187
2012-01-30,32.50001,33.07004,32.45003,32.67503,1031000,40.45053
2012-01-31,32.78999,33.01999,32.71499,32.83503,982800,40.64861
2012-02-01,33.02499,33.73501,33.02499,33.54497,1005200,41.5275
2012-02-02,33.65,33.98503,33.43502,33.91496,1062300,41.98552
2012-02-03,33.89001,34.63498,33.8,34.60003,1266200,42.83362
2012-02-06,34.32498,34.92497,34.20502,34.40999,1479700,42.59836
2012-02-07,34.28502,34.45496,33.98503,34.04501,1098200,42.14652
2012-02-08,34.15497,34.37503,33.99997,33.99997,714000,42.09076
2012-02-09,34.17999,34.46997,34.035,34.17999,899000,42.31363
2012-02-10,34.01999,34.99003,33.99997,34.58001,1820400,42.80883
2012-02-13,34.45003,34.68003,33.8,34.115,918000,42.23317
2012-02-14,34.17999,34.74001,34.03,34.53997,1303300,42.75927
2012-02-15,35.00004,35.37503,34.84504,35.00997,1191500,43.34112
2012-02-16,34.84997,35.39998,34.59502,35.39998,1051600,43.82393
2012-02-17,35.69004,35.97501,35.41499,35.495,1293500,43.94156
2012-02-20,35.47998,36.02999,35.35501,35.805,652800,44.32533
2012-02-21,35.86999,35.86999,34.90002,35.20001,1126300,43.57637
2012-02-22,35.06503,35.17999,34.59502,34.74001,1074400,43.00692
2012-02-23,34.75002,35.22496,34.60503,34.69997,1162400,42.95735
2012-02-24,34.78498,34.94999,34.51001,34.54997,737300,42.77165
2012-02-27,34.28001,34.47498,33.88,34.35001,1033200,42.5241
2012-02-28,34.51502,35.32498,34.5,35.32498,1230600,43.73108
2012-02-29,35.38504,35.50501,34.48999,34.5,1625300,42.70979
2012-03-01,34.19501,34.40499,33.94999,34.185,1169600,42.31982
2012-03-02,34.08497,34.46997,34.07504,34.38497,783900,42.56738
2012-03-05,34.37003,34.37003,33.78999,33.84997,998800,41.90507
2012-03-06,34.06002,34.21002,33.58501,33.77497,1426700,41.81223
2012-03-07,34.23997,34.76496,33.65,34.67002,1450700,42.92027
2012-03-08,34.75503,35.07496,34.55498,35.00997,1087200,43.34112
2012-03-09,35.09999,35.59502,34.70498,35.44002,965400,43.8735
2012-03-12,35.55498,35.74001,35.23997,35.45996,686000,43.89819
2012-03-13,35.62497,36.37002,35.53997,36.195,1114900,44.80814
2012-03-14,36.30003,36.55998,36.06503,36.22496,950700,44.84522
2012-03-15,36.35001,36.79999,36.35001,36.79999,922700,45.5571
2012-03-16,36.73501,36.89001,36.34,36.61997,1288600,45.33423
2012-03-19,36.78498,37.05502,36.51001,36.60003,798400,45.30954
2012-03-20,36.59502,36.59502,35.99003,36.36502,736300,45.01862
2012-03-21,37.25999,37.30003,36.73,36.93497,1633300,45.7242
2012-03-22,36.60003,36.60003,36.06002,36.21002,1422600,44.82673
2012-03-23,36.24498,36.44002,35.75002,36.035,998300,44.61006
2012-03-26,36.20501,36.58,35.92997,36.575,833900,45.27856
2012-03-27,36.63999,36.89001,36.425,36.86999,1098000,45.64375
2012-03-28,36.77997,37.28001,36.61496,37.04,1224300,45.85422
2012-03-29,36.83002,37.01498,36.59001,36.79999,1200800,45.5571
2012-03-30,37.31004,37.68003,37.20001,37.47998,1555000,46.3989
2012-04-02,37.68003,38.29502,37.54997,38.21502,1435900,47.30886
2012-04-03,38.01998,38.16497,37.59502,37.69997,1342500,46.67124
2012-04-04,37.60002,37.70497,36.40999,36.45503,1549600,45.13005
2012-04-05,36.52002,36.95499,36.47497,36.88,932500,45.65614
2012-04-06,36.88,36.88,36.88,36.88,0,45.65614
2012-04-09,36.88,36.88,36.88,36.88,0,45.65614
2012-04-10,36.75002,36.86999,36.27,36.46997,794300,45.14854
2012-04-11,36.31998,36.53003,35.69004,36.13002,1450300,44.72769
2012-04-12,36.43501,37.22503,36.14503,37.14503,1567700,45.98424
2012-04-13,37.12001,37.39497,36.91503,37.21002,1064600,46.06469
2012-04-16,37.06503,37.76003,36.86999,37.61997,1323000,46.5722
2012-04-17,37.40498,37.94999,37.20501,37.91996,1357600,46.94358
2012-04-18,36.5,37.32498,36.39998,37.32498,3491000,46.20701
2012-04-19,37.78998,39.25999,37.76496,38.38504,3167200,47.51933
2012-04-20,38.21502,38.45003,37.71498,38.20001,1556800,47.29027
2012-04-23,37.5,37.5,36.60503,36.68996,1490400,45.42088
2012-04-24,36.64499,37.45996,36.62998,36.84997,1178100,45.61896
2012-04-25,36.91503,37.64499,36.89001,37.13001,1043600,45.96565
2012-04-26,37.39497,38.805,37.32498,38.79999,2108200,48.03302
2012-04-27,38.48498,38.95499,38.00004,38.24998,1422500,47.78838
2012-04-30,38.21002,38.65,37.89501,38.44002,874900,48.02581
2012-05-01,38.44002,38.44002,38.44002,38.44002,0,48.02581
2012-05-02,38.94999,39.05001,38.16998,38.265,1149900,47.80714
2012-05-03,38.41499,38.60503,38.06002,38.24498,788500,47.78213
2012-05-04,38.09998,38.53003,37.20501,37.29002,1002100,46.58904
2012-05-07,36.69997,37.83002,36.50501,37.69004,528000,47.08881
2012-05-08,37.64499,37.81,36.78498,36.84003,822000,46.02684
2012-05-09,37.15997,37.23997,36.55998,36.81,945400,45.98932
2012-05-10,37.20001,37.20001,36.37002,36.84997,1018500,46.03925
2012-05-11,36.82001,37.81,36.65,37.74001,946100,47.15124
2012-05-14,37.495,37.495,36.38997,36.70998,1212400,45.86435
2012-05-15,37.04,37.31004,36.63498,37.20001,1167700,46.47658
2012-05-16,37.05001,37.62497,36.71999,36.78998,1525400,45.96431
2012-05-17,36.84997,36.84997,35.85998,35.85998,1318900,44.80239
2012-05-18,36.29503,36.30003,35.32498,35.56499,1587400,44.43384
2012-05-21,35.30997,36.21002,35.25499,35.67002,901800,44.56506
2012-05-22,36.07997,36.83002,35.94999,36.73,1079900,45.88937
2012-05-23,36.66001,36.67502,36.06503,36.24498,1129000,45.28339
2012-05-24,36.69997,37.07003,36.37002,36.92997,1109900,46.1392
2012-05-25,37.05502,37.44502,36.21503,36.575,1061400,45.69571
2012-05-28,36.85497,37.42,36.76496,37.23497,536000,46.52026
2012-05-29,37.38997,37.96,37.38997,37.735,1124600,47.14499
2012-05-30,37.47498,37.68003,37.00997,37.14996,1140100,46.41405
2012-05-31,37.05001,37.28001,36.77997,37.09999,1518200,46.35162
2012-06-01,37.09999,37.19,35.57,35.92997,1989100,44.88983
2012-06-04,35.23997,35.53003,34.70998,35.16498,1363400,43.93407
2012-06-05,35.44002,36.22996,35.38997,36.17498,1093200,45.19595
2012-06-06,36.5,37.31004,36.24998,37.29002,1526000,46.58904
2012-06-07,37.55498,38.30496,37.16497,38.01998,1831100,47.50103
2012-06-08,37.50501,38.39997,37.45503,38.33999,1409800,47.90084
2012-06-11,38.76003,38.90001,38.38003,38.575,1141000,48.19445
2012-06-12,38.33999,38.87999,38.01998,38.87999,1194600,48.5755
2012-06-13,39.01998,39.93497,39.01998,39.74501,1904800,49.65623
2012-06-14,39.63998,39.68503,38.86998,39.12,1854700,48.87536
2012-06-15,38.91503,39.42,38.85497,39.20001,12898800,48.97532
2012-06-18,39.64999,39.85004,39.40999,39.67001,2543600,49.56253
2012-06-19,39.99003,40.31497,39.77496,40.20001,2493800,50.22469
2012-06-20,40.30003,40.31004,39.76996,39.94998,1649400,49.91232
2012-06-21,39.75502,41.43501,39.60002,40.87499,2378400,51.06799
2012-06-22,40.32497,40.54997,39.5,39.71999,3069200,49.62497
2012-06-25,39.39998,39.63498,39.04501,39.06502,2224000,48.80668
2012-06-26,39.15003,39.51501,38.15496,38.23496,1895300,47.76962
2012-06-27,38.66501,39.505,38.39997,39.5,1662000,49.35012
2012-06-28,39.41499,39.5,38.53003,39.00496,1164100,48.73164
2012-06-29,39.76996,40.22996,39.35501,40.06502,1930900,50.05605
2012-07-02,40.44502,41.39997,40.30003,41.30003,1727500,51.59902
2012-07-03,41.35,41.86998,41.07003,41.86998,1189400,52.3111
2012-07-04,41.655,42.05001,41.505,42.05001,748500,52.53603
2012-07-05,41.89,41.99002,41.30003,41.76996,1373800,52.18614
2012-07-06,41.5,41.79999,40.47998,40.47998,1237600,50.57448
2012-07-09,40.26499,40.39997,39.61003,39.74501,1359400,49.65623
2012-07-10,43.22503,44.125,42.30003,43.15003,6252600,53.91036
2012-07-11,42.90001,43.18999,41.85497,41.99996,2339600,52.47349
2012-07-12,41.64499,42.40498,41.07503,41.54004,1823100,51.89888
2012-07-13,41.39497,41.76996,40.91002,41.55998,1495600,51.9238
2012-07-16,41.75001,42.00496,41.40498,41.70497,1161400,52.10495
2012-07-17,41.62997,42.44502,41.29002,41.41999,1256900,51.7489
2012-07-18,41.24998,44.36001,40.5,44.23003,3163200,55.25968
2012-07-19,44.36001,45.965,43.815,45.40998,2775500,56.73387
2012-07-20,44.79999,46.13501,44.79999,45.58,3054500,56.94629
2012-07-23,45.045,45.41498,44.78497,45.31504,1759100,56.61526
2012-07-24,45.70997,45.72498,44.58,45.2,1868400,56.47153
2012-07-25,44.90001,46.01997,44.62004,45.22002,1690700,56.49654
2012-07-26,44.97501,46.24997,44.63998,46.19499,1900100,57.71465
2012-07-27,46.60001,47.15996,46.05,46.94998,1546300,58.6579
2012-07-30,47.24997,48.33498,47.05,48.13501,1501000,60.13844
2012-07-31,48.07503,48.24997,47.22002,47.22002,1462600,58.99528
2012-08-01,46.93004,47.30002,46.40998,46.55004,1536800,58.15823
2012-08-02,46.32497,47.11499,45.62997,45.76503,2347100,57.17746
2012-08-03,45.90001,47.39997,45.78997,47.13501,1498500,58.88907
2012-08-06,47.41498,47.77003,45.29001,45.41498,2254800,56.74013
2012-08-07,45.49999,46.94497,45.08997,46.71498,1855000,58.3643
2012-08-08,46.49999,46.64498,45.64999,46.30503,1299900,57.85212
2012-08-09,46.69996,47.02998,46.25998,47.00003,1131000,58.72044
2012-08-10,47.00003,47.125,46.38503,46.77003,1092800,58.43308
2012-08-13,46.59501,46.68502,45.86998,46.09497,682300,57.58968
2012-08-14,46.49999,46.90501,46.22002,46.79998,906500,58.4705
2012-08-15,46.45002,47.09998,46.25498,46.96499,950800,58.67666
2012-08-16,46.86997,46.97,46.16997,46.41999,1165700,57.99575
2012-08-17,46.78497,47.06502,46.57999,46.95498,1466800,58.66416
2012-08-20,47.00003,47.09998,46.77003,46.90001,1028800,58.59547
2012-08-21,46.98001,47.40998,46.84002,47.30002,1027700,59.09524
2012-08-22,46.86997,47.18498,46.47004,46.74,1062700,58.39556
2012-08-23,47.00003,47.18999,45.965,46.10998,1487900,57.60844
2012-08-24,46.13501,46.30002,45.76503,46.15003,822000,57.65847
2012-08-27,46.15003,46.60001,45.82,46.30002,675900,57.84587
2012-08-28,45.83001,45.88499,44.54504,44.67001,1812400,55.80938
2012-08-29,44.70997,45.70004,44.39997,45.47497,1849700,56.81507
2012-08-30,45.28501,45.39997,44.74,44.90001,1015700,56.09673
2012-08-31,44.71998,45.2,44.53503,45.03499,1362000,56.26537
2012-09-03,45.01997,45.57499,44.70997,45.57499,748700,56.94003
2012-09-04,45.49499,45.54996,44.49999,44.60002,806000,55.72193
2012-09-05,44.39496,45.13501,44.24997,44.85997,1266800,56.04671
2012-09-06,44.25498,45.54996,44.05001,45.54996,1720000,56.90877
2012-09-07,45.93997,46.65499,43.87999,43.91002,3613700,54.85987
2012-09-10,44.30002,44.49999,43.66501,43.86497,1819900,54.80359
2012-09-11,43.44502,43.68502,43.16497,43.63998,1579100,54.52249
2012-09-12,43.49999,43.95499,43.05501,43.17498,2083700,53.94153
2012-09-13,43.15996,43.51501,42.95999,43.00997,1260800,53.73537
2012-09-14,43.75001,44.24004,43.32497,43.90001,1833400,54.84736
2012-09-17,43.505,43.94998,43.36001,43.77003,1045900,54.68497
2012-09-18,43.45503,43.83502,43.30002,43.43,1615300,54.26015
2012-09-19,42.85496,42.97,41.84003,42.12,3348200,52.62347
2012-09-20,41.75502,42.5,41.64999,42.2,1712400,52.72342
2012-09-21,42.24997,42.24997,41.05501,41.55497,3446500,51.91754
2012-09-24,41.09998,41.27,40.64999,40.97501,1322500,51.19295
2012-09-25,40.63998,41.99002,40.60002,41.94998,2664900,52.41106
2012-09-26,41.70998,41.77504,40.41999,40.56499,1697600,50.68068
2012-09-27,41.17998,42.16004,41.17498,41.86497,2143600,52.30485
2012-09-28,42.17498,42.40498,41.39004,41.59001,2046400,51.96132
2012-10-01,41.39997,42.16497,41.195,41.85004,1330000,52.28619
2012-10-02,41.48498,42.46003,41.25999,41.69996,1389800,52.09869
2012-10-03,41.345,42.60002,41.24998,42.46003,1760600,53.0483
2012-10-04,42.78497,43.27,42.56498,42.70997,1937000,53.36057
2012-10-05,43.05501,43.655,42.76996,43.24998,1785400,54.03523
2012-10-08,43.20501,43.49999,42.41499,42.46003,1133900,53.0483
2012-10-09,42.68002,42.84996,41.89,41.99996,1158800,52.47349
2012-10-10,41.99996,42.03499,41.39004,41.68002,1073000,52.07378
2012-10-11,41.23997,41.69003,40.92003,41.45503,1761200,51.79268
2012-10-12,40.84996,41.63498,40.68002,41.07003,2454100,51.31167
2012-10-15,40.94999,41.16497,40.16998,40.36502,1599200,50.43085
2012-10-16,40.89,41.51501,40.77997,41.31496,2158600,51.61768
2012-10-17,39.24998,40.93998,38.90001,39.14503,7777200,48.90663
2012-10-18,38.28001,39.90502,38.24998,39.44001,4618300,49.27518
2012-10-19,39.12,40.35501,38.965,40.02498,3636700,50.00602
2012-10-22,40.14002,41.45002,40.09998,41.15504,3026400,51.41788
2012-10-23,40.93497,41.02999,40.31997,40.5,2096100,50.59949
2012-10-24,40.78497,42.12,40.69003,41.57499,2781700,51.94256
2012-10-25,41.61996,42.14502,41.23997,41.99996,2061800,52.47349
2012-10-26,41.62997,42.57499,41.57499,42.14002,1571700,52.64848
2012-10-29,41.99996,42.53503,41.99996,42.48498,647900,53.07947
2012-10-30,42.47998,43.86998,42.47998,43.54496,1114600,54.40378
2012-10-31,43.52502,43.75001,42.07996,42.45002,1867700,53.03579
2012-11-01,42.39497,43.62496,42.35,43.22002,1748100,53.99781
2012-11-02,43.585,44.53503,43.425,44.09998,1742500,55.0972
2012-11-05,43.84503,44.04,43.61003,43.83002,722200,54.75991
2012-11-06,44.28,44.69003,44.17998,44.62004,1104700,55.74694
2012-11-07,44.79999,44.79999,43.41999,43.41999,1870500,54.24764
2012-11-08,43.82001,44.00496,43.39004,43.41498,1219400,54.24139
2012-11-09,43.31504,43.75001,43.01997,43.38503,1208600,54.20397
2012-11-12,43.64999,43.78997,43.39004,43.47497,562100,54.31633
2012-11-13,43.25999,43.66501,42.99503,43.56498,1252300,54.42879
2012-11-14,43.49999,44.30503,43.49999,43.74,1628900,54.64745
2012-11-15,43.33999,43.39004,42.21502,42.22002,2197500,52.74844
2012-11-16,42.25498,43.17998,42.07996,42.60502,2471400,53.22944
2012-11-19,43.17498,43.48498,43.08504,43.2,1428200,53.97279
2012-11-20,43.11499,43.82001,43.06002,43.585,1382400,54.4538
2012-11-21,43.37502,43.44502,42.97501,42.98502,1371000,53.7042
2012-11-22,43.01497,43.61996,42.97501,43.195,785000,53.96654
2012-11-23,43.15003,44.60002,43.15003,44.60002,3933900,55.72193
2012-11-26,45.46,46.8,45.455,45.875,3508600,44.13244
2012-11-27,46.11,47.73,46.11,47.27,3235200,45.47445
2012-11-28,47.17,47.17,46.49,47.12,1535700,45.33015
2012-11-29,47.58,48.8,47.58,48.21,3124200,46.37874
2012-11-30,48.03,48.87,47.88,48.04,2156900,46.2152
2012-12-03,48.15,48.62,48.035,48.265,1323900,46.43165
2012-12-04,47.62,47.955,46.8,47.04,3376400,45.25319
2012-12-05,47.17,47.75,47.0,47.325,2260300,45.52736
2012-12-06,47.635,48.09,47.51,47.95,1936800,46.12862
2012-12-07,48.3,48.85,48.275,48.85,2053100,46.99443
2012-12-10,48.86,49.355,48.29,49.15,1292800,47.28304
2012-12-11,49.395,49.95,49.145,49.36,1668900,47.48506
2012-12-12,49.4,49.5,48.415,48.5,2850300,46.65773
2012-12-13,48.61,48.72,48.1,48.315,1239700,46.47975
2012-12-14,48.14,48.75,47.69,48.15,1529200,46.32103
2012-12-17,48.41,49.66,48.19,48.3,1630600,46.46533
2012-12-18,48.585,48.64,48.07,48.345,1055300,46.50862
2012-12-19,48.585,49.12,48.395,48.585,1016900,46.7395
2012-12-20,48.5,48.89,48.07,48.815,925900,46.96076
2012-12-21,48.76,48.885,47.99,48.11,1816500,46.28254
2012-12-24,48.65,48.8,48.25,48.3,407300,46.46533
2012-12-25,48.3,48.3,48.3,48.3,0,46.46533
2012-12-26,48.3,48.3,48.3,48.3,0,46.46533
2012-12-27,48.0,48.22,47.0,48.0,856500,46.17672
2012-12-28,48.13,48.445,47.675,47.885,673700,46.06609
2012-12-31,48.0,48.48,47.52,48.0,339200,46.17672
2013-01-01,48.0,48.0,48.0,48.0,0,46.17672
2013-01-02,49.11,50.17,49.0,50.17,1726900,48.26429
2013-01-03,50.67,50.82,50.09,50.34,1167300,48.42784
2013-01-04,50.05,50.09,49.455,49.755,1152700,47.86506
2013-01-07,49.0,49.0,48.36,48.75,1525200,46.89823
2013-01-08,48.8,48.8,48.175,48.22,1114900,46.38837
2013-01-09,48.53,48.89,48.31,48.83,861600,46.9752
2013-01-10,48.8,49.29,48.3,48.57,1280000,46.72507
2013-01-11,49.0,49.48,48.7,48.975,1094200,47.11468
2013-01-14,49.185,49.37,48.2,48.425,858700,46.58558
2013-01-15,48.065,48.11,46.805,47.2,1718000,45.40711
2013-01-16,47.045,48.035,46.8,47.945,1181800,46.12381
2013-01-17,45.84,51.62,45.68,51.49,8975300,49.53416
2013-01-18,51.84,53.48,51.42,51.57,3377200,49.61111
2013-01-21,51.9,52.16,51.33,51.73,845000,49.76504
2013-01-22,52.0,52.84,51.91,52.54,1957200,50.54427
2013-01-23,52.07,52.56,51.6,51.82,1396600,49.85162
2013-01-24,52.0,53.35,51.58,53.07,1851200,51.05414
2013-01-25,53.24,54.7,52.84,54.7,2460400,52.62222
